threshold,precision_default,recall_default,predicted_default_rate
0.1,0.19059672214136555,0.6066465256797583,0.25694681560249094
0.2,0.2972480777013355,0.2958710976837865,0.08035380387948556
0.25,0.33586731167933653,0.1957703927492447,0.04705461522202169
0.3,0.3809798270893372,0.13313192346424974,0.0282100060159667
0.35,0.4308712121212121,0.09164149043303121,0.017169894151504803
0.4,0.4739413680781759,0.05861027190332326,0.009983252849454498
0.5,0.53125,0.02054380664652568,0.0031217989366372372
